<?xml version="1.0" encoding="UTF-8"?>
    <addon id="repository.continuum" name="CONTINUUM" version="2.0" provider-name="Team Continuum">
        <requires>
            <import addon="xbmc.addon" version="12.0.0"/>
        </requires>
        <extension point="xbmc.addon.repository" name="CONTINUUM">
            <info compressed="false">https://continuumaddon.com/addon/_repo/addons.xml</info>
            <checksum>https://continuumaddon.com/addon/_repo/addons.xml.md5</checksum>
            <datadir zip="true">https://continuumaddon.com/addon/_repo/</datadir>
            <hashes>false</hashes>
        </extension>
        <extension point="xbmc.addon.metadata">
            <summary>Continuum Private Repository</summary>
            <description>Fundraising for Autism charities.</description>
            <platform>all</platform>
    </extension>
</addon>